movieid	itemtitle	no_user
50	Star Wars (1977)	583
258	Contact (1997)	509
100	Fargo (1996)	508
181	Return of the Jedi (1983)	507
294	Liar Liar (1997)	485
286	English Patient, The (1996)	481
288	Scream (1996)	478
1	Toy Story (1995)	452
300	Air Force One (1997)	431
121	Independence Day (ID4) (1996)	429
174	Raiders of the Lost Ark (1981)	420
127	Godfather, The (1972)	413
56	Pulp Fiction (1994)	394
7	Twelve Monkeys (1995)	392
98	Silence of the Lambs, The (1991)	390
237	Jerry Maguire (1996)	384
117	Rock, The (1996)	378
172	Empire Strikes Back, The (1980)	367
222	Star Trek: First Contact (1996)	365
313	Titanic (1997)	350
204	Back to the Future (1985)	350
405	Mission: Impossible (1996)	344
79	Fugitive, The (1993)	336
210	Indiana Jones and the Last Crusade (1989)	331
151	Willy Wonka and the Chocolate Factory (1971)	326
173	Princess Bride, The (1987)	324
69	Forrest Gump (1994)	321
748	Saint, The (1997)	316
168	Monty Python and the Holy Grail (1974)	316
269	Full Monty, The (1997)	315
257	Men in Black (1997)	303
195	Terminator, The (1984)	301
423	E.T. the Extra-Terrestrial (1982)	300
9	Dead Man Walking (1995)	299
318	Schindler's List (1993)	298
276	Leaving Las Vegas (1995)	298
302	L.A. Confidential (1997)	297
22	Braveheart (1995)	297
328	Conspiracy Theory (1997)	295
96	Terminator 2: Judgment Day (1991)	295
118	Twister (1996)	293
25	Birdcage, The (1996)	293
15	Mr. Holland's Opus (1995)	293
183	Alien (1979)	291
216	When Harry Met Sally... (1989)	290
176	Aliens (1986)	284
64	Shawshank Redemption, The (1994)	283
234	Jaws (1975)	280
202	Groundhog Day (1993)	280
28	Apollo 13 (1995)	276
191	Amadeus (1984)	276
89	Blade Runner (1982)	275
111	Truth About Cats & Dogs, The (1996)	272
275	Sense and Sensibility (1995)	268
742	Ransom (1996)	267
12	Usual Suspects, The (1995)	267
357	One Flew Over the Cuckoo's Nest (1975)	264
82	Jurassic Park (1993)	261
135	2001: A Space Odyssey (1968)	259
289	Evita (1996)	259
97	Dances with Wolves (1990)	256
238	Raising Arizona (1987)	256
268	Chasing Amy (1997)	255
546	Broken Arrow (1996)	254
333	Game, The (1997)	251
70	Four Weddings and a Funeral (1994)	251
196	Dead Poets Society (1989)	251
186	Blues Brothers, The (1980)	251
475	Trainspotting (1996)	250
153	Fish Called Wanda, A (1988)	247
132	Wizard of Oz, The (1939)	246
125	Phenomenon (1996)	244
228	Star Trek: The Wrath of Khan (1982)	244
144	Die Hard (1988)	243
483	Casablanca (1942)	243
194	Sting, The (1973)	241
323	Dante's Peak (1997)	240
245	Devil's Own, The (1997)	240
185	Psycho (1960)	239
197	Graduate, The (1967)	239
11	Seven (Se7en) (1995)	236
282	Time to Kill, A (1996)	232
496	It's a Wonderful Life (1946)	231
568	Speed (1994)	230
301	In & Out (1997)	230
655	Stand by Me (1986)	227
265	Hunt for Red October, The (1990)	227
182	GoodFellas (1990)	226
273	Heat (1995)	223
143	Sound of Music, The (1965)	222
471	Courage Under Fire (1996)	221
180	Apocalypse Now (1979)	221
179	Clockwork Orange, A (1971)	221
161	Top Gun (1986)	220
71	Lion King, The (1994)	220
427	To Kill a Mockingbird (1962)	219
678	Volcano (1997)	219
8	Babe (1995)	219
95	Aladdin (1992)	219
322	Murder at 1600 (1997)	218
235	Mars Attacks! (1996)	217
435	Butch Cassidy and the Sundance Kid (1969)	216
508	People vs. Larry Flynt, The (1996)	215
88	Sleepless in Seattle (1993)	213
215	Field of Dreams (1989)	212
271	Starship Troopers (1997)	211
4	Get Shorty (1995)	209
187	Godfather: Part II, The (1974)	209
603	Rear Window (1954)	209
385	True Lies (1994)	208
175	Brazil (1985)	208
211	M*A*S*H (1970)	206
200	Shining, The (1980)	206
597	Eraser (1996)	206
588	Beauty and the Beast (1991)	202
515	Boot, Das (1981)	201
403	Batman (1989)	201
208	Young Frankenstein (1974)	200
230	Star Trek IV: The Voyage Home (1986)	199
272	Good Will Hunting (1997)	198
134	Citizen Kane (1941)	198
250	Fifth Element, The (1997)	197
527	Gandhi (1982)	195
474	Dr. Strangelove or: How I Learned to Stop Worrying and Love the Bomb (1963)	194
298	Face/Off (1997)	194
284	Tin Cup (1996)	193
393	Mrs. Doubtfire (1993)	192
209	This Is Spinal Tap (1984)	191
274	Sabrina (1995)	190
340	Boogie Nights (1997)	189
307	Devil's Advocate, The (1997)	188
124	Lone Star (1996)	187
147	Long Kiss Goodnight, The (1996)	185
13	Mighty Aphrodite (1995)	184
14	Postino, Il (1994)	183
203	Unforgiven (1992)	182
23	Taxi Driver (1976)	182
514	Annie Hall (1977)	180
751	Tomorrow Never Dies (1997)	180
732	Dave (1993)	180
480	North by Northwest (1959)	179
479	Vertigo (1958)	179
566	Clear and Present Danger (1994)	179
419	Mary Poppins (1964)	178
591	Primal Fear (1996)	178
283	Emma (1996)	177
845	That Thing You Do! (1996)	176
83	Much Ado About Nothing (1993)	176
58	Quiz Show (1994)	175
326	G.I. Jane (1997)	175
327	Cop Land (1997)	175
432	Fantasia (1940)	174
24	Rumble in the Bronx (1995)	174
154	Monty Python's Life of Brian (1979)	174
511	Lawrence of Arabia (1962)	173
255	My Best Friend's Wedding (1997)	172
99	Snow White and the Seven Dwarfs (1937)	172
137	Big Night (1996)	171
229	Star Trek III: The Search for Spock (1984)	171
133	Gone with the Wind (1939)	171
218	Cape Fear (1991)	171
651	Glory (1989)	171
433	Heathers (1989)	171
402	Ghost (1990)	170
451	Grease (1978)	170
367	Clueless (1995)	170
188	Full Metal Jacket (1987)	170
321	Mother (1996)	169
684	In the Line of Fire (1993)	169
628	Sleepers (1996)	169
319	Everyone Says I Love You (1996)	168
582	Piano, The (1993)	168
226	Die Hard 2 (1990)	166
199	Bridge on the River Kwai, The (1957)	165
692	American President, The (1995)	164
523	Cool Hand Luke (1967)	164
739	Pretty Woman (1990)	164
411	Nutty Professor, The (1996)	163
443	Birds, The (1963)	162
410	Kingpin (1996)	162
259	George of the Jungle (1997)	162
285	Secrets & Lies (1996)	162
66	While You Were Sleeping (1995)	162
227	Star Trek VI: The Undiscovered Country (1991)	161
315	Apt Pupil (1998)	160
248	Grosse Pointe Blank (1997)	160
476	First Wives Club, The (1996)	160
472	Dragonheart (1996)	158
252	Lost World: Jurassic Park, The (1997)	158
150	Swingers (1996)	157
193	Right Stuff, The (1983)	157
685	Executive Decision (1996)	157
240	Beavis and Butt-head Do America (1996)	156
690	Seven Years in Tibet (1997)	155
31	Crimson Tide (1995)	154
660	Fried Green Tomatoes (1991)	153
431	Highlander (1986)	153
498	African Queen, The (1951)	152
550	Die Hard: With a Vengeance (1995)	151
164	Abyss, The (1989)	151
77	Firm, The (1993)	151
86	Remains of the Day, The (1993)	150
239	Sneakers (1992)	150
304	Fly Away Home (1996)	149
763	Happy Gilmore (1996)	149
55	Professional, The (1994)	149
1028	Grumpier Old Men (1995)	148
462	Like Water For Chocolate (Como agua para chocolate) (1992)	148
42	Clerks (1994)	148
156	Reservoir Dogs (1992)	148
654	Chinatown (1974)	147
293	Donnie Brasco (1997)	147
281	River Wild, The (1994)	146
455	Jackie Chan's First Strike (1996)	145
310	Rainmaker, The (1997)	145
91	Nightmare Before Christmas, The (1993)	143
358	Spawn (1997)	143
332	Kiss the Girls (1997)	143
231	Batman Returns (1992)	142
484	Maltese Falcon, The (1941)	138
87	Searching for Bobby Fischer (1993)	138
94	Home Alone (1990)	137
559	Interview with the Vampire (1994)	137
177	Good, The Bad and The Ugly, The (1966)	137
347	Wag the Dog (1997)	137
1016	Con Air (1997)	137
735	Philadelphia (1993)	137
705	Singin' in the Rain (1952)	137
223	Sling Blade (1996)	136
205	Patton (1970)	136
270	Gattaca (1997)	136
879	Peacemaker, The (1997)	136
1047	Multiplicity (1996)	134
213	Room with a View, A (1986)	134
68	Crow, The (1994)	134
303	Ulee's Gold (1997)	134
47	Ed Wood (1994)	133
243	Jungle2Jungle (1997)	132
2	GoldenEye (1995)	131
657	Manchurian Candidate, The (1962)	131
249	Austin Powers: International Man of Mystery (1997)	130
109	Mystery Science Theater 3000: The Movie (1996)	130
531	Shine (1996)	129
72	Mask, The (1994)	129
418	Cinderella (1950)	129
129	Bound (1996)	129
325	Crash (1996)	128
148	Ghost and the Darkness, The (1996)	128
756	Father of the Bride Part II (1995)	128
241	Last of the Mohicans, The (1992)	128
53	Natural Born Killers (1994)	128
73	Maverick (1994)	128
482	Some Like It Hot (1959)	128
62	Stargate (1994)	127
260	Event Horizon (1997)	127
291	Absolute Power (1997)	127
198	Nikita (La Femme Nikita) (1990)	127
596	Hunchback of Notre Dame, The (1996)	127
157	Platoon (1986)	127
346	Jackie Brown (1997)	126
473	James and the Giant Peach (1996)	126
324	Lost Highway (1997)	125
485	My Fair Lady (1964)	125
116	Cold Comfort Farm (1995)	125
178	12 Angry Men (1957)	125
190	Henry V (1989)	124
526	Ben-Hur (1959)	124
750	Amistad (1997)	124
233	Under Siege (1992)	124
520	Great Escape, The (1963)	124
246	Chasing Amy (1997)	124
343	Alien: Resurrection (1997)	124
501	Dumbo (1941)	123
504	Bonnie and Clyde (1967)	122
509	My Left Foot (1989)	121
428	Harold and Maude (1971)	121
447	Carrie (1976)	121
510	Magnificent Seven, The (1954)	121
170	Cinema Paradiso (1988)	121
528	Killing Fields, The (1984)	121
521	Deer Hunter, The (1978)	120
38	Net, The (1995)	120
217	Bram Stoker's Dracula (1992)	120
746	Real Genius (1985)	119
631	Crying Game, The (1992)	119
866	Michael (1996)	119
169	Wrong Trousers, The (1993)	118
48	Hoop Dreams (1994)	117
449	Star Trek: The Motion Picture (1979)	117
242	Kolya (1996)	117
663	Being There (1979)	116
184	Army of Darkness (1993)	116
192	Raging Bull (1980)	116
380	Star Trek: Generations (1994)	116
659	Arsenic and Old Lace (1944)	115
762	Beautiful Girls (1996)	115
123	Frighteners, The (1996)	115
65	What's Eating Gilbert Grape (1993)	115
292	Rosewood (1997)	114
214	Pink Floyd - The Wall (1982)	114
29	Batman Forever (1995)	114
331	Edge, The (1997)	113
316	As Good As It Gets (1997)	112
408	Close Shave, A (1995)	112
93	Welcome to the Dollhouse (1995)	112
815	One Fine Day (1996)	112
382	Adventures of Priscilla, Queen of the Desert, The (1994)	111
219	Nightmare on Elm Street, A (1984)	111
81	Hudsucker Proxy, The (1994)	110
225	101 Dalmatians (1996)	109
470	Tombstone (1993)	108
679	Conan the Barbarian (1981)	107
895	Scream 2 (1997)	106
421	William Shakespeare's Romeo and Juliet (1996)	106
162	On Golden Pond (1981)	106
122	Cable Guy, The (1996)	106
136	Mr. Smith Goes to Washington (1939)	105
54	Outbreak (1995)	104
92	True Romance (1993)	104
709	Strictly Ballroom (1992)	104
478	Philadelphia Story, The (1940)	104
928	Craft, The (1996)	104
67	Ace Ventura: Pet Detective (1994)	103
747	Benny & Joon (1993)	102
317	In the Name of the Father (1993)	102
699	Little Women (1994)	102
554	Waterworld (1995)	102
926	Down Periscope (1996)	101
264	Mimic (1997)	101
404	Pinocchio (1940)	101
378	Miracle on 34th Street (1994)	101
708	Sex, Lies, and Videotape (1989)	101
159	Basic Instinct (1992)	101
232	Young Guns (1988)	101
665	Alien 3 (1992)	100
1012	Private Parts (1997)	100
381	Muriel's Wedding (1994)	100
682	I Know What You Did Last Summer (1997)	100
436	American Werewolf in London, An (1981)	99
507	Streetcar Named Desire, A (1951)	98
155	Dirty Dancing (1987)	98
1014	Romy and Michele's High School Reunion (1997)	98
33	Desperado (1995)	97
429	Day the Earth Stood Still, The (1951)	97
126	Spitfire Grill, The (1996)	97
356	Client, The (1994)	97
919	City of Lost Children, The (1995)	96
306	Mrs. Brown (Her Majesty, Mrs. Brown) (1997)	96
290	Fierce Creatures (1997)	96
755	Jumanji (1995)	96
131	Breakfast at Tiffany's (1961)	95
477	Matilda (1996)	95
90	So I Married an Axe Murderer (1993)	95
529	My Life as a Dog (Mitt liv som hund) (1985)	93
430	Duck Soup (1933)	93
820	Space Jam (1996)	93
412	Very Brady Sequel, A (1996)	93
576	Cliffhanger (1993)	93
1011	2 Days in the Valley (1996)	93
578	Demolition Man (1993)	92
17	From Dusk Till Dawn (1996)	92
212	Unbearable Lightness of Being, The (1988)	92
744	Michael Collins (1996)	92
549	Rob Roy (1995)	92
163	Return of the Pink Panther, The (1974)	92
517	Manhattan (1979)	91
831	Escape from L.A. (1996)	91
338	Bean (1997)	91
693	Casino (1995)	91
52	Madness of King George, The (1994)	91
636	Escape from New York (1981)	91
1039	Hamlet (1996)	90
458	Nixon (1995)	90
652	Rosencrantz and Guildenstern Are Dead (1990)	90
506	Rebel Without a Cause (1955)	90
3	Four Rooms (1995)	90
201	Evil Dead II (1987)	89
518	Miller's Crossing (1990)	89
10	Richard III (1995)	89
399	Three Musketeers, The (1993)	89
642	Grifters, The (1990)	89
661	High Noon (1952)	88
39	Strange Days (1995)	87
386	Addams Family Values (1993)	87
715	To Die For (1995)	87
689	Jackal, The (1997)	87
305	Ice Storm, The (1997)	87
792	Bullets Over Broadway (1994)	86
673	Cape Fear (1962)	86
5	Copycat (1995)	86
720	First Knight (1995)	86
864	My Fellow Americans (1996)	86
988	Beautician and the Beast, The (1997)	86
425	Bob Roberts (1992)	85
448	Omen, The (1976)	85
465	Jungle Book, The (1994)	85
924	White Squall (1996)	85
280	Up Close and Personal (1996)	85
781	French Kiss (1995)	84
21	Muppet Treasure Island (1996)	84
825	Arrival, The (1996)	83
59	Three Colors: Red (1994)	83
662	Somewhere in Time (1980)	82
63	Santa Clause, The (1994)	82
640	Cook the Thief His Wife & Her Lover, The (1989)	82
717	Juror, The (1996)	82
152	Sleeper (1973)	82
823	Mulholland Falls (1996)	82
625	Sword in the Stone, The (1963)	82
32	Crumb (1994)	81
49	I.Q. (1994)	81
51	Legends of the Fall (1994)	81
729	Nell (1994)	81
604	It Happened One Night (1934)	81
420	Alice in Wonderland (1951)	81
873	Picture Perfect (1997)	81
530	Man Who Would Be King, The (1975)	80
312	Midnight in the Garden of Good and Evil (1997)	80
45	Eat Drink Man Woman (1994)	80
826	Phantom, The (1996)	80
930	Chain Reaction (1996)	80
519	Treasure of the Sierra Madre, The (1948)	80
584	Secret Garden, The (1993)	79
44	Dolores Claiborne (1994)	79
710	Better Off Dead... (1985)	79
696	City Hall (1996)	79
658	Pump Up the Volume (1990)	79
736	Shadowlands (1993)	78
287	Marvin's Room (1996)	78
1074	Reality Bites (1994)	77
629	Victor/Victoria (1982)	77
295	Breakdown (1997)	77
676	Crucible, The (1996)	77
778	Don Juan DeMarco (1995)	76
401	Brady Bunch Movie, The (1995)	76
724	Circle of Friends (1995)	76
871	Vegas Vacation (1997)	75
311	Wings of the Dove, The (1997)	75
627	Robin Hood: Prince of Thieves (1991)	75
969	Winnie the Pooh and the Blustery Day (1968)	75
221	Breaking the Waves (1996)	74
461	Smoke (1995)	74
105	Sgt. Bilko (1996)	74
1101	Six Degrees of Separation (1993)	74
1048	She's the One (1996)	73
417	Parent Trap, The (1961)	73
299	Hoodlum (1997)	73
525	Big Sleep, The (1946)	73
101	Heavy Metal (1981)	73
26	Brothers McMullen, The (1995)	73
141	20,000 Leagues Under the Sea (1954)	72
354	Wedding Singer, The (1998)	72
20	Angels and Insects (1995)	72
713	Othello (1995)	72
513	Third Man, The (1949)	72
650	Seventh Seal, The (Sjunde inseglet, Det) (1957)	72
277	Restoration (1995)	71
544	Things to Do in Denver when You're Dead (1995)	71
106	Diabolique (1996)	71
463	Secret of Roan Inish, The (1994)	71
949	How to Make an American Quilt (1995)	71
647	Ran (1985)	70
409	Jack (1996)	70
707	Enchanted April (1991)	70
558	Heavenly Creatures (1994)	70
780	Dumb & Dumber (1994)	69
633	Christmas Carol, A (1938)	69
687	McHale's Navy (1997)	69
160	Glengarry Glen Ross (1992)	69
384	Naked Gun 33 1/3: The Final Insult (1994)	69
19	Antonia's Line (1995)	69
487	Roman Holiday (1953)	68
934	Preacher's Wife, The (1996)	68
497	Bringing Up Baby (1938)	68
1035	Cool Runnings (1993)	68
392	Man Without a Face, The (1993)	68
80	Hot Shots! Part Deux (1993)	68
505	Dial M for Murder (1954)	68
434	Forbidden Planet (1956)	67
120	Striptease (1996)	67
569	Wolf (1994)	67
648	Quiet Man, The (1952)	67
114	Wallace & Gromit: The Best of Aardman Animation (1996)	67
371	Bridges of Madison County, The (1995)	67
167	Private Benjamin (1980)	67
491	Adventures of Robin Hood, The (1938)	67
469	Short Cuts (1993)	67
607	Rebecca (1940)	66
189	Grand Day Out, A (1992)	66
1073	Shallow Grave (1994)	66
790	Tommy Boy (1995)	66
993	Hercules (1997)	66
262	In the Company of Men (1997)	66
220	Mirror Has Two Faces, The (1996)	66
207	Cyrano de Bergerac (1990)	66
606	All About Eve (1950)	66
538	Anastasia (1997)	66
855	Diva (1981)	66
452	Jaws 2 (1978)	66
672	Candyman (1992)	65
345	Deconstructing Harry (1997)	65
128	Supercop (1992)	65
108	Kids in the Hall: Brain Candy (1996)	65
145	Lawnmower Man, The (1992)	65
488	Sunset Blvd. (1950)	65
387	Age of Innocence, The (1993)	65
171	Delicatessen (1991)	65
887	Eve's Bayou (1997)	64
959	Dazed and Confused (1993)	64
60	Three Colors: Blue (1993)	64
165	Jean de Florette (1986)	64
616	Night of the Living Dead (1968)	64
468	Rudy (1993)	64
486	Sabrina (1954)	64
416	Old Yeller (1957)	64
595	Fan, The (1996)	64
619	Extreme Measures (1996)	64
334	U Turn (1997)	64
1009	Stealing Beauty (1996)	64
481	Apartment, The (1960)	63
516	Local Hero (1983)	63
450	Star Trek V: The Final Frontier (1989)	63
740	Jane Eyre (1996)	63
553	Walk in the Clouds, A (1995)	63
727	Immortal Beloved (1994)	63
499	Cat on a Hot Tin Roof (1958)	62
1041	Forget Paris (1995)	62
414	My Favorite Year (1982)	62
254	Batman & Robin (1997)	62
140	Homeward Bound: The Incredible Journey (1993)	61
946	Fox and the Hound, The (1981)	61
158	Weekend at Bernie's (1989)	60
493	Thin Man, The (1934)	60
609	Father of the Bride (1950)	60
939	Murder in the First (1995)	60
278	Bed of Roses (1996)	60
1119	Some Kind of Wonderful (1987)	59
492	East of Eden (1955)	59
581	Kalifornia (1993)	59
61	Three Colors: White (1994)	59
561	Mary Shelley's Frankenstein (1994)	59
495	Around the World in 80 Days (1956)	59
391	Last Action Hero (1993)	59
737	Sirens (1994)	59
880	Soul Food (1997)	59
615	39 Steps, The (1935)	59
166	Manon of the Spring (Manon des sources) (1986)	58
741	Last Supper, The (1995)	58
898	Postman, The (1997)	58
923	Raise the Red Lantern (1991)	58
722	Nine Months (1995)	58
716	Home for the Holidays (1995)	58
632	Sophie's Choice (1982)	58
85	Ref, The (1994)	58
40	To Wong Foo, Thanks for Everything! Julie Newmar (1995)	57
142	Bedknobs and Broomsticks (1971)	57
512	Wings of Desire (1987)	57
502	Bananas (1971)	57
754	Red Corner (1997)	57
27	Bad Boys (1995)	57
770	Devil in a Blue Dress (1995)	57
827	Daylight (1996)	57
931	Island of Dr. Moreau, The (1996)	57
813	Celluloid Closet, The (1995)	56
395	Robin Hood: Men in Tights (1993)	56
494	His Girl Friday (1940)	56
847	Looking for Richard (1996)	55
413	Tales from the Crypt Presents: Bordello of Blood (1996)	55
369	Black Sheep (1996)	55
344	Apostle, The (1997)	55
721	Mallrats (1995)	54
535	Addicted to Love (1997)	54
76	Carlito's Way (1993)	54
396	Serial Mom (1994)	54
102	Aristocats, The (1970)	54
675	Nosferatu (Nosferatu, eine Symphonie des Grauens) (1922)	54
1065	Koyaanisqatsi (1983)	53
875	She's So Lovely (1997)	53
886	Life Less Ordinary, A (1997)	53
892	Flubber (1997)	53
849	Days of Thunder (1990)	53
840	Last Man Standing (1996)	53
702	Barcelona (1994)	53
441	Amityville Horror, The (1979)	53
877	Excess Baggage (1997)	52
342	Man Who Knew Too Little, The (1997)	52
466	Red Rock West (1992)	52
489	Notorious (1946)	52
768	Casper (1995)	52
542	Pocahontas (1995)	51
614	Giant (1956)	51
749	MatchMaker, The (1997)	51
712	Tin Men (1987)	51
602	American in Paris, An (1951)	50
806	Menace II Society (1993)	50
490	To Catch a Thief (1955)	50
206	Akira (1988)	50
686	Perfect World, A (1993)	50
1017	Trees Lounge (1996)	50
139	Love Bug, The (1969)	50
649	Once Upon a Time in America (1984)	50
570	Wyatt Earp (1994)	50
297	Ulee's Gold (1997)	50
833	Bulletproof (1996)	49
772	Kids (1995)	49
824	Great White Hype, The (1996)	49
541	Mortal Kombat (1995)	49
977	Substitute, The (1996)	49
406	Thinner (1996)	49
683	Rocket Man (1997)	49
955	Before Sunrise (1995)	49
841	Glimmer Man, The (1996)	48
1228	Under Siege 2: Dark Territory (1995)	48
948	Booty Call (1997)	48
674	Cat People (1982)	48
562	Quick and the Dead, The (1995)	48
467	Bronx Tale, A (1993)	48
456	Beverly Hills Ninja (1997)	48
365	Powder (1995)	48
244	Smilla's Sense of Snow (1997)	48
1118	Up in Smoke (1978)	47
1007	Waiting for Guffman (1996)	47
876	Money Talks (1997)	47
339	Mad City (1997)	47
366	Dangerous Minds (1995)	47
789	Swimming with Sharks (1995)	47
363	Sudden Death (1995)	47
956	Nobody's Fool (1994)	46
1135	Doors, The (1991)	46
444	Blob, The (1958)	46
794	It Could Happen to You (1994)	46
664	Paris, Texas (1984)	46
251	Shall We Dance? (1996)	46
760	Screamers (1995)	46
524	Great Dictator, The (1940)	46
941	With Honors (1994)	46
1046	Malice (1993)	46
921	Farewell My Concubine (1993)	46
671	Bride of Frankenstein (1935)	46
952	Blue in the Face (1995)	45
942	What's Love Got to Do with It (1993)	45
552	Species (1995)	45
236	Citizen Ruth (1996)	45
1079	Joe's Apartment (1996)	45
329	Desperate Measures (1998)	45
810	Shadow, The (1994)	45
881	Money Talks (1997)	45
728	Junior (1994)	45
1197	Family Thing, A (1996)	45
761	Nick of Time (1995)	44
896	Sweet Hereafter, The (1997)	44
638	Return of Martin Guerre, The (Retour de Martin Guerre, Le) (1982)	44
1067	Bottle Rocket (1996)	44
575	City Slickers II: The Legend of Curly's Gold (1994)	44
656	M (1931)	44
846	To Gillian on Her 37th Birthday (1996)	44
975	Fear (1996)	44
1188	Young Guns II (1990)	44
1025	Fire Down Below (1997)	44
688	Leave It to Beaver (1997)	44
694	Persuasion (1995)	44
984	Shadow Conspiracy (1997)	44
539	Mouse Hunt (1997)	44
224	Ridicule (1996)	44
1010	Basquiat (1996)	44
1142	When We Were Kings (1996)	44
890	Mortal Kombat: Annihilation (1997)	43
944	Renaissance Man (1994)	43
1050	Ghost and Mrs. Muir, The (1947)	43
620	Chamber, The (1996)	43
261	Air Bud (1997)	43
1091	Pete's Dragon (1977)	43
336	Playing God (1997)	43
407	Spy Hard (1996)	43
589	Wild Bunch, The (1969)	43
540	Money Train (1995)	43
809	Rising Sun (1993)	43
379	Tales From the Crypt Presents: Demon Knight (1995)	43
769	Congo (1995)	42
1098	Flirting With Disaster (1996)	42
107	Moll Flanders (1996)	42
844	Freeway (1996)	42
872	Love Jones (1997)	42
900	Kundun (1997)	42
902	Big Lebowski, The (1998)	42
577	Coneheads (1993)	41
1051	Associate, The (1996)	41
330	187 (1997)	41
350	Fallen (1998)	41
355	Sphere (1998)	41
963	Some Folks Call It a Sling Blade (1993)	41
610	Gigi (1958)	41
547	Young Poisoner's Handbook, The (1995)	41
771	Johnny Mnemonic (1995)	41
1110	Tank Girl (1995)	41
1063	Little Princess, A (1995)	41
43	Disclosure (1994)	40
697	Basketball Diaries, The (1995)	40
929	Harriet the Spy (1996)	40
932	First Kid (1996)	40
1044	Paper, The (1994)	40
945	Charade (1963)	40
57	Priest (1994)	40
611	Laura (1944)	40
943	Killing Zoe (1994)	40
639	Tin Drum, The (Blechtrommel, Die) (1979)	40
802	Hard Target (1993)	40
819	Eddie (1996)	40
951	Indian in the Cupboard, The (1995)	39
752	Replacement Killers, The (1998)	39
1060	Adventures of Pinocchio, The (1996)	39
503	Candidate, The (1972)	39
622	Swiss Family Robinson (1960)	39
623	Angels in the Outfield (1994)	39
585	Son in Law (1993)	39
1221	When a Man Loves a Woman (1994)	39
785	Only You (1994)	39
370	Mary Reilly (1996)	39
1217	Assassins (1995)	39
731	Corrina, Corrina (1994)	39
16	French Twist (Gazon maudit) (1995)	39
874	Career Girls (1997)	39
743	Crow: City of Angels, The (1996)	39
373	Judge Dredd (1995)	39
1134	Get on the Bus (1996)	38
646	Once Upon a Time in the West (1969)	38
1013	Anaconda (1997)	38
1210	Virtuosity (1995)	38
637	Howling, The (1981)	38
1021	8 1/2 (1963)	38
1089	Speed 2: Cruise Control (1997)	38
1008	I Shot Andy Warhol (1996)	37
783	Milk Money (1994)	37
41	Billy Madison (1995)	37
30	Belle de jour (1967)	37
1090	Sliver (1993)	37
583	Romeo Is Bleeding (1993)	37
937	Thousand Acres, A (1997)	37
364	Ace Ventura: When Nature Calls (1995)	37
1244	Metro (1997)	36
670	Body Snatchers (1993)	36
796	Speechless (1994)	36
856	Night on Earth (1991)	36
567	Wes Craven's New Nightmare (1994)	35
1059	Don't Be a Menace to South Central While Drinking Your Juice in the Hood (1996)	35
979	Trigger Effect, The (1996)	35
522	Down by Law (1986)	35
1020	Gaslight (1944)	35
266	Kull the Conqueror (1997)	35
644	Thin Blue Line, The (1988)	35
612	Lost Horizon (1937)	34
586	Terminal Velocity (1994)	34
971	Mediterraneo (1991)	34
961	Orlando (1993)	34
925	Unforgettable (1996)	34
922	Dead Man (1995)	34
882	Washington Square (1997)	34
372	Jeffrey (1995)	34
829	Fled (1996)	34
723	Boys on the Side (1995)	34
680	Kull the Conqueror (1997)	34
653	Touch of Evil (1958)	34
1267	Clockers (1995)	33
990	Anna Karenina (1997)	33
78	Free Willy (1993)	33
878	That Darn Cat! (1997)	33
1139	Hackers (1995)	33
641	Paths of Glory (1957)	33
573	Body Snatchers (1993)	33
580	Englishman Who Went Up a Hill, But Came Down a Mountain, The (1995)	32
1022	Fast, Cheap & Out of Control (1997)	32
1033	Homeward Bound II: Lost in San Francisco (1996)	32
1226	Night Falls on Manhattan (1997)	32
936	Brassed Off (1996)	32
765	Boomerang (1992)	32
940	Airheads (1994)	32
974	Eye for an Eye (1996)	32
1018	Tie Me Up! Tie Me Down! (1990)	32
774	Prophecy, The (1995)	32
989	Cats Don't Dance (1997)	32
426	Transformers: The Movie, The (1986)	32
1132	Feeling Minnesota (1996)	32
1126	Old Man and the Sea, The (1958)	32
110	Operation Dumbo Drop (1995)	31
995	Kiss Me, Guido (1997)	31
630	Great Race, The (1965)	31
797	Timecop (1994)	31
500	Fly Away Home (1996)	31
1194	Once Were Warriors (1994)	31
383	Flintstones, The (1994)	31
1023	Fathers' Day (1997)	31
368	Bio-Dome (1996)	31
605	Meet Me in St. Louis (1944)	31
349	Hard Rain (1998)	31
1019	Die xue shuang xiong (Killer, The) (1989)	31
779	Drop Zone (1994)	31
808	Program, The (1993)	31
738	Threesome (1994)	31
308	FairyTale: A True Story (1997)	30
950	Georgia (1995)	30
537	My Own Private Idaho (1991)	30
608	Spellbound (1945)	30
1220	Higher Learning (1995)	30
1215	Barb Wire (1996)	30
843	Shaggy Dog, The (1959)	30
1133	Escape to Witch Mountain (1975)	30
1137	Beautiful Thing (1996)	29
1061	Evening Star, The (1996)	29
764	If Lucy Fell (1996)	29
1115	Twelfth Night (1996)	29
1095	High School High (1996)	29
1136	Ghosts of Mississippi (1996)	29
719	Canadian Bacon (1994)	29
572	Blown Away (1994)	29
563	Stephen King's The Langoliers (1995)	29
460	Crossing Guard, The (1995)	28
309	Deceiver (1997)	28
362	Blues Brothers 2000 (1998)	28
1042	Just Cause (1995)	28
279	Once Upon a Time... When We Were Colored (1995)	28
571	Another Stakeout (1993)	28
388	Beverly Hills Cop III (1994)	28
1152	In Love and War (1996)	28
1129	Chungking Express (1994)	28
1411	Barbarella (1968)	28
972	Passion Fish (1992)	28
1109	Death and the Maiden (1994)	28
905	Great Expectations (1998)	27
564	Tales from the Hood (1995)	27
681	Wishmaster (1997)	27
613	My Man Godfrey (1936)	27
348	Desperate Measures (1998)	27
842	Pollyanna (1960)	27
978	Heaven's Prisoners (1996)	27
389	Black Beauty (1994)	27
805	Manhattan Murder Mystery (1993)	27
457	Free Willy 3: The Rescue (1997)	27
464	Vanya on 42nd Street (1994)	27
645	Paris Is Burning (1990)	27
734	Made in America (1993)	27
1070	Living in Oblivion (1995)	27
1170	Spanking the Monkey (1994)	27
1034	Quest, The (1996)	27
46	Exotica (1994)	27
1149	Walkabout (1971)	26
253	Pillow Book, The (1995)	26
966	Affair to Remember, An (1957)	26
1218	Friday (1995)	26
398	Super Mario Bros. (1993)	26
1284	Before and After (1996)	26
352	Spice World (1997)	26
1160	Love! Valour! Compassion! (1997)	26
1240	Ghost in the Shell (Kokaku kidotai) (1995)	26
836	Ninotchka (1939)	26
800	In the Mouth of Madness (1995)	26
775	Something to Talk About (1995)	26
422	Aladdin and the King of Thieves (1996)	26
6	Shanghai Triad (Yao a yao yao dao waipo qiao) (1995)	26
818	Girl 6 (1996)	25
960	Naked (1993)	25
1045	Fearless (1993)	25
991	Keys to Tulsa (1997)	25
1222	Judgment Night (1993)	25
1049	House Arrest (1996)	25
1052	Dracula: Dead and Loving It (1995)	25
1163	Portrait of a Lady, The (1996)	25
1157	Relic, The (1997)	25
837	Meet John Doe (1941)	25
834	Halloween: The Curse of Michael Myers (1995)	25
938	Smile Like Yours, A (1997)	25
1040	Two if by Sea (1996)	25
415	Apple Dumpling Gang, The (1975)	25
1036	Drop Dead Fred (1991)	24
753	Burnt By the Sun (1994)	24
704	House of the Spirits, The (1993)	24
459	Cry, the Beloved Country (1995)	24
869	Fools Rush In (1997)	24
551	Lord of Illusions (1995)	24
863	Garden of Finzi-Contini, The (Giardino dei Finzi-Contini, Il) (1970)	24
1053	Now and Then (1995)	24
376	Houseguest (1994)	24
634	Microcosmos: Le peuple de l'herbe (1996)	24
730	Queen Margot (Reine Margot, La) (1994)	24
1037	Grease 2 (1982)	24
375	Showgirls (1995)	23
1054	Mr. Wrong (1996)	23
635	Fog, The (1980)	23
1258	Trial and Error (1997)	23
962	Ruby in Paradise (1993)	23
986	Turbulence (1997)	23
149	Jude (1996)	23
130	Kansas City (1996)	23
1315	Inventing the Abbotts (1997)	23
1093	Live Nude Girls (1995)	23
1006	Until the End of the World (Bis ans Ende der Welt) (1991)	23
1199	Cemetery Man (Dellamorte Dellamore) (1994)	23
1057	Pallbearer, The (1996)	22
445	Body Snatcher, The (1945)	22
832	Bogus (1996)	22
980	Mother Night (1996)	22
1078	Oliver & Company (1988)	22
532	Kama Sutra: A Tale of Love (1996)	22
953	Unstrung Heroes (1995)	22
1176	Welcome To Sarajevo (1997)	22
1113	Mrs. Parker and the Vicious Circle (1994)	22
560	Kid in King Arthur's Court, A (1995)	22
1168	Little Buddha (1993)	22
565	Village of the Damned (1995)	22
624	Three Caballeros, The (1945)	22
821	Mrs. Winterbourne (1996)	22
1005	Double vie de V�ronique, La (Double Life of Veronique, The) (1991)	22
985	Blood & Wine (1997)	22
1231	Marked for Death (1990)	22
1086	It's My Party (1995)	21
758	Lawnmower Man 2: Beyond Cyberspace (1996)	21
1121	Umbrellas of Cherbourg, The (Parapluies de Cherbourg, Les) (1964)	21
1147	My Family (1995)	21
933	Funeral, The (1996)	21
816	Candyman: Farewell to the Flesh (1995)	21
335	How to Be a Player (1997)	21
543	Mis�rables, Les (1995)	21
1203	Top Hat (1935)	21
1084	Anne Frank Remembered (1995)	21
906	Oscar & Lucinda (1997)	21
865	Ice Storm, The (1997)	21
965	Funny Face (1957)	21
795	Richie Rich (1994)	21
112	Flipper (1996)	20
1208	Kiss of Death (1995)	20
351	Prophecy II, The (1998)	20
1219	Goofy Movie, A (1995)	20
904	Ma vie en rose (My Life in Pink) (1997)	20
1407	Specialist, The (1994)	20
320	Paradise Lost: The Child Murders at Robin Hood Hills (1996)	20
908	Half Baked (1998)	20
1296	Indian Summer (1996)	20
982	Maximum Risk (1996)	20
601	For Whom the Bell Tolls (1943)	20
1030	Beverly Hillbillies, The (1993)	20
1265	Star Maps (1997)	19
1153	Backbeat (1993)	19
1117	Surviving Picasso (1996)	19
1248	Blink (1994)	19
1178	Major Payne (1994)	19
1283	Out to Sea (1997)	19
1183	Cowboy Way, The (1994)	19
1206	Amos & Andrew (1993)	19
894	Home Alone 3 (1997)	19
138	D3: The Mighty Ducks (1996)	19
1245	Gridlock'd (1997)	19
424	Children of the Corn: The Gathering (1996)	19
1444	That Darn Cat! (1965)	19
703	Widows' Peak (1994)	19
579	Fatal Instinct (1993)	19
1277	Set It Off (1996)	19
263	Steel (1997)	19
1103	Trust (1990)	19
968	Inspector General, The (1949)	18
1185	In the Army Now (1994)	18
811	Thirty-Two Short Films About Glenn Gould (1993)	18
812	Andre (1994)	18
590	Hellraiser: Bloodline (1996)	18
1239	Cutthroat Island (1995)	18
400	Little Rascals, The (1994)	18
1107	Beyond Rangoon (1995)	18
1478	Dead Presidents (1995)	18
1204	To Be or Not to Be (1942)	18
618	Picnic (1955)	18
1069	Amateur (1994)	18
359	Assignment, The (1997)	18
916	Lost in Space (1998)	18
84	Robert A. Heinlein's The Puppet Masters (1994)	18
617	Blue Angel, The (Blaue Engel, Der) (1930)	18
1097	Hate (Haine, La) (1995)	18
862	Jingle All the Way (1996)	18
1230	Ready to Wear (Pret-A-Porter) (1994)	18
1105	Firestorm (1998)	18
1401	M. Butterfly (1993)	18
337	House of Yes, The (1997)	18
1303	Getaway, The (1994)	18
903	Afterglow (1997)	18
1120	I'm Not Rappaport (1996)	17
1232	Madonna: Truth or Dare (1991)	17
1001	Stupids, The (1996)	17
557	Farinelli: il castrato (1994)	17
947	Big Blue, The (Grand bleu, Le) (1988)	17
773	Mute Witness (1994)	17
1140	Road to Wellville, The (1994)	17
1038	Switchback (1997)	17
1286	Shall We Dance? (1937)	17
1207	Jade (1995)	17
1419	Highlander III: The Sorcerer (1994)	16
1066	Balto (1995)	16
860	Believers, The (1987)	16
256	When the Cats Away (Chacun cherche son chat) (1996)	16
854	Bad Taste (1987)	16
801	Air Up There, The (1994)	16
453	Jaws 3-D (1983)	16
454	Bastard Out of Carolina (1996)	16
997	Stuart Saves His Family (1995)	16
998	Cabin Boy (1994)	16
745	Ruling Class, The (1972)	16
1280	Gang Related (1997)	16
1278	Selena (1997)	16
725	Exit to Eden (1994)	16
718	In the Bleak Midwinter (1995)	16
691	Dark City (1998)	16
1032	Little Big League (1994)	16
1071	Party Girl (1995)	16
1311	Waiting to Exhale (1995)	16
700	Miami Rhapsody (1995)	15
1273	Color of Night (1994)	15
835	Gay Divorcee, The (1934)	15
1058	War, The (1994)	15
533	Daytrippers, The (1996)	15
859	April Fool's Day (1986)	15
1112	Cobb (1994)	15
733	Go Fish (1994)	15
1263	Foxfire (1996)	15
888	One Night Stand (1997)	15
103	All Dogs Go to Heaven 2 (1996)	15
1285	Princess Caraboo (1994)	15
1451	Foreign Correspondent (1940)	15
1446	Bye Bye, Love (1995)	15
1291	Celtic Pride (1996)	15
1209	Mixed Nuts (1994)	15
115	Haunted World of Edward D. Wood Jr., The (1995)	15
1143	Hard Eight (1996)	15
574	Boxing Helena (1993)	15
1172	Women, The (1939)	15
1024	Mrs. Dalloway (1997)	15
983	Rich Man's Wife, The (1996)	15
996	Big Green, The (1995)	14
353	Deep Rising (1998)	14
786	Perez Family, The (1995)	14
958	To Live (Huozhe) (1994)	14
1171	Wild Reeds (1994)	14
587	Hour of the Pig, The (1993)	14
1029	Jury Duty (1995)	14
1225	Angus (1995)	14
440	Amityville II: The Possession (1982)	14
1165	Big Bully (1996)	14
726	Fluke (1995)	14
893	For Richer or Poorer (1997)	14
853	Braindead (1992)	14
1313	Palmetto (1998)	14
915	Primary Colors (1998)	13
1182	Cops and Robbersons (1994)	13
36	Mad Love (1995)	13
669	Body Parts (1991)	13
695	Kicking and Screaming (1995)	13
1404	Withnail and I (1987)	13
534	Traveller (1997)	13
714	Carrington (1995)	13
1161	Palookaville (1996)	13
1281	Manny & Lo (1996)	13
787	Roommates (1995)	13
1131	Safe (1995)	13
1128	Heidi Fleiss: Hollywood Madam (1995) 	13
828	Alaska (1996)	13
377	Heavyweights (1994)	13
1088	Double Team (1997)	13
1116	Mark of Zorro, The (1940)	13
883	Telling Lies in America (1997)	13
885	Phantoms (1998)	13
1229	Poison Ivy II (1995)	13
889	Tango Lesson, The (1997)	13
909	Dangerous Beauty (1998)	13
1099	Red Firecracker, Green Firecracker (1994)	13
1192	Boys of St. Vincent, The (1993)	13
1187	Switchblade Sisters (1975)	13
1062	Four Days in September (1997)	12
1076	Pagemaster, The (1994)	12
1015	Shiloh (1997)	12
976	Solo (1996)	12
967	Little Lord Fauntleroy (1936)	12
1092	Dear God (1996)	12
1094	Thin Line Between Love and Hate, A (1996)	12
901	Mr. Magoo (1997)	12
1124	Farewell to Arms, A (1932)	12
1154	Alphaville (1965)	12
1166	Love & Human Remains (1993)	12
667	Audrey Rose (1977)	12
1211	Blue Sky (1994)	12
1224	Scout, The (1994)	12
593	Stalingrad (1993)	12
1249	For Love or Money (1993)	12
556	Wild Bill (1995)	12
548	NeverEnding Story III, The (1994)	12
545	Vampire in Brooklyn (1995)	12
1266	Bread and Chocolate (Pane e cioccolata) (1973)	12
1297	Love Affair (1994)	12
397	Striking Distance (1993)	12
394	Radioland Murders (1994)	12
1428	SubUrbia (1997)	12
1469	Tom and Huck (1995)	12
1483	Man in the Iron Mask, The (1998)	12
1518	Losing Isaiah (1995)	12
1068	Star Maker, The (Uomo delle stelle, L') (1995)	12
1127	Truman Show, The (1998)	11
35	Free Willy 2: The Adventure Home (1995)	11
759	Fair Game (1995)	11
1195	Strawberry and Chocolate (Fresa y chocolate) (1993)	11
1480	Herbie Rides Again (1974)	11
1254	Gone Fishin' (1997)	11
1335	American Buffalo (1996)	11
1190	That Old Feeling (1997)	11
1085	Carried Away (1996)	11
914	Wild Things (1998)	11
1314	Surviving the Game (1994)	11
621	Davy Crockett, King of the Wild Frontier (1955)	11
1159	Stalker (1979)	11
1274	Robocop 3 (1993)	11
1167	Sum of Us, The (1994)	11
954	Unzipped (1995)	11
767	Addiction, The (1995)	11
1421	My Crazy Life (Mi vida loca) (1993)	11
341	Critical Care (1997)	11
374	Mighty Morphin Power Rangers: The Movie (1995)	11
1056	Cronos (1992)	10
1087	Bloodsport 2 (1995)	10
782	Little Odessa (1994)	10
1055	Simple Twist of Fate, A (1994)	10
1336	Kazaam (1996)	10
791	Baby-Sitters Club, The (1995)	10
793	Crooklyn (1994)	10
555	White Man's Burden (1995)	10
390	Fear of a Black Hat (1993)	10
1184	Endless Summer 2, The (1994)	10
1181	Low Down Dirty Shame, A (1994)	10
1180	I Love Trouble (1994)	10
698	Browning Version, The (1994)	10
536	Ponette (1996)	10
701	Wonderful, Horrible Life of Leni Riefenstahl, The (1993)	10
1400	Picture Bride (1995)	10
1615	Warriors of Virtue (1997)	10
1169	Fresh (1994)	10
1268	Bitter Moon (1992)	10
1269	Love in the Afternoon (1957)	10
1425	I'll Do Anything (1994)	10
1000	Lightning Jack (1994)	10
1114	Faithful (1996)	10
360	Wonderland (1997)	10
1434	Shooting Fish (1997)	10
999	Clean Slate (1994)	10
361	Incognito (1997)	10
146	Unhook the Stars (1996)	10
1375	Cement Garden, The (1993)	10
1540	Amazing Panda Adventure, The (1995)	10
1193	Before the Rain (Pred dozhdot) (1994)	10
18	White Balloon, The (1995)	10
1503	Gold Diggers: The Secret of Bear Mountain (1995)	10
1437	House Party 3 (1994)	9
776	Three Wishes (1995)	9
848	Murder, My Sweet (1944)	9
267	unknown	9
1279	Wild America (1997)	9
1004	Geronimo: An American Legend (1993)	9
592	True Crime (1995)	9
1252	Contempt (M�pris, Le) (1963)	9
798	Bad Company (1995)	9
803	Heaven & Earth (1993)	9
899	Winter Guest, The (1997)	9
964	Month by the Lake, A (1995)	9
446	Burnt Offerings (1976)	9
1393	Stag (1997)	9
1282	Grass Harp, The (1995)	9
1214	In the Realm of the Senses (Ai no corrida) (1976)	9
912	U.S. Marshalls (1998)	9
1141	War Room, The (1993)	9
1150	Last Dance (1996)	9
1298	Band Wagon, The (1953)	9
1148	Tom & Viv (1994)	9
1300	'Til There Was You (1997)	9
1620	Sixth Man, The (1997)	9
1179	Man of the House (1995)	9
807	Poetic Justice (1993)	9
1337	Larger Than Life (1996)	9
1473	Little Princess, The (1939)	9
870	Touch (1997)	9
1415	Next Karate Kid, The (1994)	9
1471	Hideaway (1995)	9
1145	Blue Chips (1994)	9
766	Man of the Year (1995)	9
113	Horseman on the Roof, The (Hussard sur le toit, Le) (1995)	9
1262	Walking and Talking (1996)	8
1174	Caught (1996)	8
970	Hear My Song (1991)	8
804	Jimmy Hollywood (1994)	8
1413	Street Fighter (1994)	8
1439	Jason's Lyric (1994)	8
1381	Losing Chase (1996)	8
1077	Love and a .45 (1994)	8
1426	Grace of My Heart (1996)	8
1276	Sunset Park (1996)	8
1227	Awfully Big Adventure, An (1995)	8
1003	That Darn Cat! (1997)	8
1002	Pest, The (1997)	8
1234	Chairman of the Board (1998)	8
1475	Bhaji on the Beach (1993)	8
1524	Kaspar Hauser (1993)	8
1479	Reckless (1995)	8
1043	Rent-a-Kid (1995)	8
1100	What Happened Was... (1994)	8
1449	Pather Panchali (1955)	8
1202	Maybe, Maybe Not (Bewegte Mann, Der) (1994)	8
1251	A Chef in Love (1996)	8
1255	Broken English (1996)	8
37	Nadja (1994)	8
1081	Curdled (1996)	8
1238	Full Speed (1996)	8
1299	Penny Serenade (1941)	8
1082	Female Perversions (1996)	8
981	Dangerous Ground (1997)	8
918	City of Angels (1998)	8
1376	Meet Wally Sparks (1997)	7
1379	Love and Other Catastrophes (1996)	7
884	Year of the Horse (1997)	7
1111	Double Happiness (1994)	7
1075	Man of No Importance, A (1994)	7
34	Doom Generation, The (1995)	7
1253	Tie That Binds, The (1995)	7
1031	Lassie (1994)	7
74	Faster Pussycat! Kill! Kill! (1965)	7
1177	Dunston Checks In (1996)	7
1264	Nothing to Lose (1994)	7
1173	Bliss (1997)	7
1270	Life with Mikey (1993)	7
1271	North (1994)	7
1151	Original Gangstas (1996)	7
1288	Denise Calls Up (1995)	7
1289	Jack and Sarah (1995)	7
994	Last Time I Committed Suicide, The (1997)	7
1294	Ayn Rand: A Sense of Life (1997)	7
1295	Kicked in the Head (1997)	7
1243	Night Flier (1997)	7
1305	National Lampoon's Senior Trip (1995)	7
1531	Far From Home: The Adventures of Yellow Dog (1995)	7
1527	Senseless (1998)	7
1312	Pompatus of Love, The (1996)	7
1316	Horse Whisperer, The (1998)	7
1522	Trial by Jury (1994)	7
1514	Dream With the Fishes (1997)	7
1462	Thieves (Voleurs, Les) (1996)	7
1459	Madame Butterfly (1995)	7
1456	Beat the Devil (1954)	7
935	Paradise Road (1997)	7
1200	Kim (1950)	7
1198	Purple Noon (1960)	7
1246	Bushwhacked (1995)	7
1441	Moonlight and Valentino (1995)	7
1435	Steal Big, Steal Little (1995)	7
1072	Pyromaniac's Love Story, A (1995)	7
1102	Two Much (1996)	7
917	Mercury Rising (1998)	7
1409	Swan Princess, The (1994)	7
1399	Stranger in the House (1997)	7
1394	Swept from the Sea (1997)	7
1558	Aparajito (1956)	7
927	Flower of My Secret, The (Flor de mi secreto, La) (1995)	6
1233	N�nette et Boni (1996)	6
1322	Metisse (Caf� au Lait) (1993)	6
867	Whole Wide World, The (1996)	6
1512	World of Apu, The (Apur Sansar) (1959)	6
1534	Twin Town (1997)	6
891	Bent (1997)	6
1241	Van, The (1996)	6
1213	Guilty as Sin (1993)	6
1591	Duoluo tianshi (1995)	6
1355	Infinity (1996)	6
1287	Ed (1996)	6
1380	Hollow Reed (1996)	6
296	Promesse, La (1996)	6
1598	City of Industry (1997)	6
1164	Zeus and Roxanne (1997)	6
1083	Albino Alligator (1996)	6
1388	Gabbeh (1996)	6
1216	Kissed (1996)	6
706	Bad Moon (1996)	6
1250	Best of the Best 3: No Turning Back (1995)	6
1412	Land Before Time III: The Time of the Great Giving (1995) (V)	6
1395	Hurricane Streets (1998)	6
668	Blood Beach (1981)	6
438	Amityville 3-D (1983)	6
1205	Secret Agent, The (1996)	6
1466	Margaret's Museum (1995)	6
1468	Cure, The (1995)	6
1247	Bad Girls (1994)	6
1328	Of Love and Shadows (1994)	6
1237	Twisted (1996)	6
1474	Nina Takes a Lover (1994)	6
1454	Angel and the Badman (1947)	6
1383	Second Jungle Book: Mowgli & Baloo, The (1997)	6
1368	Mina Tannenbaum (1994)	6
1326	Boys (1996)	6
1405	Boy's Life 2 (1997)	6
1386	Tetsuo II: Body Hammer (1992)	6
1212	Flesh and Bone (1993)	6
1431	Legal Deceit (1997)	5
1242	Old Lady Who Walked in the Sea, The (Vieille qui marchait dans la mer, La) (1991)	5
666	Blood For Dracula (Andy Warhol's Dracula) (1974)	5
1175	Hugo Pool (1997)	5
1272	Talking About Sex (1994)	5
1162	Phat Beach (1996)	5
1301	Stripes (1981)	5
1302	Late Bloomers (1996)	5
1324	Loaded (1994)	5
1138	Best Men (1997)	5
1333	Midnight Dancers (Sibak) (1994)	5
439	Amityville: A New Generation (1993)	5
437	Amityville 1992: It's About Time (1992)	5
1344	Story of Xinghua, The (1993)	5
799	Boys Life (1995)	5
1346	Dingo (1992)	5
1353	1-900 (1994)	5
1367	Faust (1994)	5
1378	Rhyme & Reason (1997)	5
1385	Roseanna's Grave (For Roseanna) (1997)	5
868	Hearts and Minds (1996)	5
1108	Feast of July (1995)	5
1392	Locusts, The (1997)	5
1396	Stonewall (1995)	5
1397	Of Human Bondage (1934)	5
1406	When Night Is Falling (1995)	5
314	3 Ninjas: High Noon At Mega Mountain (1998)	5
1416	No Escape (1994)	5
920	Two Bits (1995)	5
1427	Drunks (1995)	5
1438	Panther (1995)	5
1440	Above the Rim (1994)	5
1442	Scarlet Letter, The (1995)	5
247	Turbo: A Power Rangers Movie (1997)	5
1470	Gumby: The Movie (1995)	5
1487	Even Cowgirls Get the Blues (1993)	5
1489	Chasers (1994)	5
1495	Flirt (1995)	5
1496	Carpool (1996)	5
1501	Prisoner of the Mountains (Kavkazsky Plennik) (1996)	5
1509	Getting Even with Dad (1994)	5
1511	Children of the Revolution (1996)	5
1517	Race the Sun (1996)	5
1529	Underground (1995)	5
1530	Jefferson in Paris (1995)	5
1555	Secret Adventures of Tom Thumb, The (1993)	5
1592	Magic Hour, The (1998)	5
104	Theodore Rex (1995)	5
1597	Romper Stomper (1992)	5
75	Brother Minister: The Assassination of Malcolm X (1994)	5
594	Heavy (1995)	5
1317	Journey of August King, The (1995)	4
1521	Mr. Wonderful (1993)	4
1064	Crossfire (1947)	4
1319	Neon Bible, The (1995)	4
1223	King of the Hill (1993)	4
1499	Grosse Fatigue (1994)	4
1488	Germinal (1993)	4
987	Underworld (1997)	4
1485	Colonel Chabert, Le (1994)	4
777	Castle Freak (1995)	4
1338	Two Deaths (1995)	4
1330	An Unforgettable Summer (1994)	4
1331	Last Klezmer: Leopold Kozlowski, His Life and Music, The (1995)	4
442	Amityville Curse, The (1990)	4
973	Grateful Dead (1995)	4
1125	Innocents, The (1961)	4
1410	Harlem (1993)	4
839	Loch Ness (1995)	4
850	Perfect Candidate, A (1996)	4
1382	Bonheur, Le (1965)	4
851	Two or Three Things I Know About Her (1966)	4
1026	Lay of the Land, The (1997)	4
1643	Angel Baby (1995)	4
1628	Lamerica (1994)	4
1257	Designated Mourner, The (1997)	4
910	Nil By Mouth (1997)	4
626	So Dear to My Heart (1949)	4
1104	C'est arriv� pr�s de chez vous (1992)	4
1259	Pie in the Sky (1995)	4
911	Twilight (1998)	4
1260	Total Eclipse (1995)	4
1422	Suture (1993)	4
1423	Walking Dead, The (1995)	4
1402	Ciao, Professore! (1993)	4
1612	Leading Man, The (1996)	4
1608	Buddy (1997)	4
1664	8 Heads in a Duffel Bag (1997)	4
1605	Love Serenade (1996)	4
1403	Caro Diario (Dear Diary) (1994)	4
1429	Sliding Doors (1998)	4
1261	Run of the Country, The (1995)	4
1369	Forbidden Christ, The (Cristo proibito, Il) (1950)	4
1377	Hotel de Love (1996)	4
1600	Guantanamera (1994)	4
1275	Killer (Bulletproof Heart) (1994)	4
643	The Innocent (1994)	4
1158	Fille seule, La (A Single Girl) (1995)	4
1106	Newton Boys, The (1998)	4
1589	Schizopolis (1996)	4
119	Maya Lin: A Strong Clear Vision (1994)	4
757	Across the Sea of Time (1995)	4
992	Head Above Water (1996)	4
1560	Clean Slate (Coup de Torchon) (1981)	4
1443	8 Seconds (1994)	4
1553	Underneath, The (1995)	4
1347	Ballad of Narayama, The (Narayama Bushiko) (1958)	4
1445	Ladybird Ladybird (1994)	4
838	In the Line of Duty 2 (1987)	4
1545	Frankie Starlight (1995)	4
822	Faces (1968)	4
1539	Being Human (1993)	4
1537	Cosi (1996)	4
1535	Enfer, L' (1994)	4
598	Big Squeeze, The (1996)	4
1658	Substance of Fire, The (1996)	3
1370	I Can't Sleep (J'ai pas sommeil) (1994)	3
1408	Gordy (1995)	3
817	Frisk (1995)	3
1361	Search for One-eye Jimmy, The (1996)	3
1418	Joy Luck Club, The (1993)	3
1420	Gilligan's Island: The Movie (1998)	3
1424	I Like It Like That (1994)	3
1357	For the Moment (1994)	3
1430	Ill Gotten Gains (1997)	3
1356	Ed's Next Move (1996)	3
1432	Mighty, The (1998)	3
1351	Lover's Knot (1996)	3
1096	Commandments (1997)	3
1448	My Favorite Season (1993)	3
1463	Boys, Les (1997)	3
1464	Stars Fell on Henrietta, The (1995)	3
1465	Last Summer in the Hamptons (1995)	3
1191	Letter From Death Row, A (1998)	3
788	Relative Fear (1994)	3
1327	Captives (1994)	3
1323	Wooden Man's Bride, The (Wu Kui) (1994)	3
1484	Jerky Boys, The (1994)	3
1490	Fausto (1993)	3
1504	Bewegte Mann, Der (1994)	3
1506	Nelly & Monsieur Arnaud (1995)	3
1508	Babysitter, The (1995)	3
1513	Sprung (1997)	3
1318	Catwalk (1995)	3
1516	Wedding Gift, The (1994)	3
1528	Nowhere (1997)	3
1196	Savage Nights (Nuits fauves, Les) (1992)	3
1538	All Over Me (1997)	3
1544	It Takes Two (1995)	3
1552	Hunted, The (1995)	3
1293	Star Kid (1997)	3
1292	Simple Wish, A (1997)	3
1144	Quiet Room, The (1996)	3
1146	Calendar Girl (1993)	3
1155	Rendezvous in Paris (Rendez-vous de Paris, Les) (1995)	3
1602	Price Above Rubies, A (1998)	3
1607	Hurricane Streets (1998)	3
1609	B*A*P*S (1997)	3
1610	Truth or Consequences, N.M. (1997)	3
1622	Paris, France (1993)	3
1623	C�r�monie, La (1995)	3
1256	Designated Mourner, The (1997)	3
1639	Bitter Sugar (Azucar Amargo) (1996)	3
1027	Shooter, The (1995)	3
1652	Temptress Moon (Feng Yue) (1996)	3
1186	Inkwell, The (1994)	3
1189	Prefontaine (1997)	3
858	Amityville: Dollhouse (1996)	3
861	Nosferatu a Venezia (1986)	3
1384	Squeeze (1996)	3
1387	Fall (1997)	3
1123	Last Time I Saw Paris, The (1954)	3
1389	Mondo (1996)	3
1391	For Ever Mozart (1996)	3
1372	Stranger, The (1994)	3
1497	Line King: Al Hirschfeld, The (1996)	2
1588	Salut cousin! (1996)	2
1547	Show, The (1995)	2
1500	Santa with Muscles (1996)	2
1590	To Have, or Not (1995)	2
1342	Convent, The (Convento, O) (1995)	2
1662	Rough Magic (1995)	2
1629	Nico Icon (1995)	2
1365	Johnny 100 Pesos (1993)	2
1631	Slingshot, The (1993)	2
1290	Country Life (1994)	2
1549	Dream Man (1995)	2
1550	Destiny Turns on the Radio (1995)	2
1371	Machine, The (1994)	2
1551	Glass Shield, The (1994)	2
1594	Everest (1998)	2
1307	Carmen Miranda: Bananas Is My Business (1994)	2
1519	New Jersey Drive (1995)	2
897	Time Tracers (1995)	2
1502	Naked in New York (1994)	2
600	Daniel Defoe's Robinson Crusoe (1996)	2
1642	Some Mother's Son (1996)	2
1436	Mr. Jones (1993)	2
1644	Sudden Manhattan (1996)	2
1554	Safe Passage (1994)	2
1646	Men With Guns (1997)	2
1354	Venice/Venice (1992)	2
1080	Celestial Clockwork (1994)	2
1573	Spirits of the Dead (Tre passi nel delirio) (1968)	2
1332	My Life and Times With Antonin Artaud (En compagnie d'Antonin Artaud) (1993)	2
1433	Men of Means (1998)	2
1334	Somebody to Love (1994)	2
1523	Good Man in Africa, A (1994)	2
1656	Little City (1998)	2
1467	Saint of Fort Washington, The (1993)	2
1556	Condition Red (1995)	2
1450	Golden Earrings (1947)	2
1358	The Deadly Cure (1996)	2
1304	New York Cop (1996)	2
907	Vermin (1998)	2
1390	Innocent Sleep, The (1995)	2
1472	Visitors, The (Visiteurs, Les) (1993)	2
784	Beyond Bedlam (1993)	2
1359	Boys in Venice (1996)	2
1578	Collectionneuse, La (1967)	2
1672	Kika (1993)	2
1611	Intimate Relations (1996)	2
1477	Nightwatch (1997)	2
1360	Sexual Life of the Belgians, The (1994)	2
1345	Day the Sun Turned Cold, The (Tianguo niezi) (1994)	2
1321	Open Season (1996)	2
1481	S.F.W. (1994)	2
1306	Delta of Venus (1994)	2
1541	Beans of Egypt, Maine, The (1994)	2
1542	Scarlet Letter, The (1926)	2
957	Pushing Hands (1992)	2
1374	Falling in Love Again (1980)	2
1617	Hugo Pool (1997)	2
1455	Outlaw, The (1943)	2
1585	American Dream (1990)	2
1308	Babyfever (1994)	2
1532	Foreign Student (1994)	2
1491	Tough and Deadly (1995)	2
1350	Crows and Sparrows (1949)	2
1417	Turning, The (1992)	2
1362	American Strays (1996)	2
1398	Anna (1996)	2
913	Love and Death on Long Island (1997)	2
1596	Nemesis 2: Nebula (1995)	1
1320	Homage (1995)	1
1657	Target (1995)	1
1505	Killer: A Journal of Murder (1995)	1
1673	Mirage (1995)	1
1507	Three Lives and Only One Death (1996)	1
1660	Small Faces (1995)	1
1510	Mad Dog Time (1996)	1
1670	Tainted (1998)	1
1677	Sweet Nothing (1995)	1
1654	Chairman of the Board (1998)	1
1681	You So Crazy (1994)	1
1515	Wings of Courage (1995)	1
857	Paris Was a Woman (1995)	1
1678	Mat' i syn (1997)	1
1341	Hedd Wyn (1992)	1
1520	Fear, The (1995)	1
1453	Angel on My Shoulder (1946)	1
1310	Walk in the Sun, A (1945)	1
1525	Object of My Affection, The (1998)	1
1526	Witness (1985)	1
1309	Very Natural Thing, A (1974)	1
1452	Lady of Burlesque (1943)	1
1533	I Don't Want to Talk About It (De eso no se habla) (1993)	1
1343	Lotto Land (1995)	1
1536	Aiqing wansui (1994)	1
852	Bloody Child, The (1996)	1
1543	Johns (1996)	1
1364	Bird of Prey (1996)	1
1447	Century (1993)	1
1546	Shadows (Cienie) (1988)	1
1548	The Courtyard (1995)	1
1661	New Age, The (1994)	1
1348	Every Other Weekend (1990)	1
599	Police Story 4: Project S (Chao ji ji hua) (1993)	1
1557	Yankee Zulu (1994)	1
1559	Hostile Intentions (1994)	1
1667	Next Step, The (1995)	1
1561	Tigrero: A Film That Was Never Made (1994)	1
1349	Mille bolle blu (1993)	1
1562	Eye of Vichy, The (Oeil de Vichy, L') (1993)	1
1563	Promise, The (Versprechen, Das) (1994)	1
1676	War at Home, The (1996)	1
1564	To Cross the Rubicon (1991)	1
1565	Daens (1992)	1
1566	Man from Down Under, The (1943)	1
1567	Careful (1992)	1
1568	Vermont Is For Lovers (1992)	1
1569	Vie est belle, La (Life is Rosey) (1987)	1
1570	Quartier Mozart (1992)	1
1666	Ripe (1996)	1
1571	Touki Bouki (Journey of the Hyena) (1973)	1
1572	Wend Kuuni (God's Gift) (1982)	1
1574	Pharaoh's Army (1995)	1
1575	I, Worst of All (Yo, la peor de todas) (1990)	1
1576	Hungarian Fairy Tale, A (1987)	1
1577	Death in the Garden (Mort en ce jardin, La) (1956)	1
1373	Good Morning (1971)	1
1579	Baton Rouge (1988)	1
1580	Liebelei (1933)	1
1581	Woman in Question, The (1950)	1
1582	T-Men (1947)	1
1583	Invitation, The (Zaproszenie) (1986)	1
1584	Symphonie pastorale, La (1946)	1
1586	Lashou shentan (1992)	1
1587	Terror in a Texas Town (1958)	1
1665	Brother's Kiss, A (1997)	1
1655	Favor, The (1994)	1
1122	They Made Me a Criminal (1939)	1
1201	Marlene Dietrich: Shadow and Light (1996) 	1
1593	Death in Brunswick (1991)	1
1156	Cyclo (1995)	1
1595	Shopping (1994)	1
1352	Shadow of Angels (Schatten der Engel) (1976)	1
1599	Someone Else's America (1995)	1
1601	Office Killer (1997)	1
1603	Angela (1995)	1
1604	He Walked by Night (1948)	1
1606	Deceiver (1997)	1
1366	JLG/JLG - autoportrait de d�cembre (1994)	1
1130	Jupiter's Wife (1994)	1
1613	Tokyo Fist (1995)	1
1614	Reluctant Debutante, The (1958)	1
711	Substance of Fire, The (1996)	1
1675	Sunchaser, The (1996)	1
1616	Desert Winds (1995)	1
1618	King of New York (1990)	1
1619	All Things Fair (1996)	1
814	Great Day in Harlem, A (1994)	1
1663	Nothing Personal (1995)	1
1621	Butterfly Kiss (1995)	1
1624	Hush (1998)	1
1625	Nightwatch (1997)	1
1626	Nobody Loves Me (Keiner liebt mich) (1994)	1
1627	Wife, The (1995)	1
1630	Silence of the Palace, The (Saimt el Qusur) (1994)	1
1632	Land and Freedom (Tierra y libertad) (1995)	1
1633	� k�ldum klaka (Cold Fever) (1994)	1
1634	Etz Hadomim Tafus (Under the Domin Tree) (1994)	1
1635	Two Friends (1986) 	1
1636	Brothers in Trouble (1995)	1
1637	Girls Town (1996)	1
830	Power 98 (1995)	1
1638	Normal Life (1996)	1
1640	Eighth Day, The (1996)	1
1641	Dadetown (1995)	1
1363	Leopard Son, The (1996)	1
1645	Butcher Boy, The (1998)	1
1647	Hana-bi (1997)	1
1648	Niagara, Niagara (1997)	1
1649	Big One, The (1997)	1
1414	Coldblooded (1995)	1
1461	Here Comes Cookie (1935)	1
1650	Butcher Boy, The (1998)	1
1460	Sleepover (1995)	1
1329	Low Life, The (1994)	1
1682	Scream of Stone (Schrei aus Stein) (1991)	1
1668	Wedding Bell Blues (1996)	1
1651	Spanish Prisoner, The (1997)	1
1680	Sliding Doors (1998)	1
1476	Raw Deal (1948)	1
1458	Damsel in Distress, A (1937)	1
1325	August (1996)	1
1659	Getting Away With Murder (1996)	1
1482	Gate of Heavenly Peace, The (1995)	1
1679	B. Monkey (1998)	1
1653	Entertaining Angels: The Dorothy Day Story (1996)	1
1486	Girl in the Cadillac (1995)	1
1671	Further Gesture, A (1996)	1
1457	Love Is All There Is (1996)	1
1339	Stefano Quantestorie (1993)	1
1669	MURDER and murder (1996)	1
1674	Mamma Roma (1962)	1
1492	Window to Paris (1994)	1
1493	Modern Affair, A (1995)	1
1494	Mostro, Il (1994)	1
677	Fire on the Mountain (1996)	1
1235	Big Bang Theory, The (1994)	1
1498	Farmer & Chase (1995)	1
1340	Crude Oasis, The (1995)	1
1236	Other Voices, Other Rooms (1997)	1
